{
  "step_losses": [
    3.244,
    2.314,
    1.258,
    0.5842,
    0.2736,
    0.1436,
    0.0777,
    0.04692,
    0.03465,
    0.02888,
    0.02602,
    0.02465,
    0.0238,
    0.02285,
    0.02319,
    0.02262,
    0.02209,
    0.02208,
    0.0219,
    0.02173,
    0.0217,
    0.02173,
    0.02158,
    0.02154,
    0.02164,
    0.02121,
    0.02131,
    0.02128,
    0.02117,
    0.02113,
    0.02137,
    0.02137,
    0.02138,
    0.0213,
    0.02119,
    0.02096,
    0.02113,
    0.02142,
    0.02098,
    0.7339,
    0.2178,
    0.05631,
    0.03145,
    0.02617,
    0.02442,
    0.02355,
    0.02323,
    0.02285,
    0.02251,
    0.02231,
    0.02228,
    0.02191,
    0.02139,
    0.02193,
    0.02148,
    0.02115,
    0.02114,
    0.02107,
    0.02093,
    0.02096,
    0.02105,
    0.02083,
    0.02096,
    0.02094,
    0.02055,
    0.0207,
    0.02063,
    0.02055,
    0.02048,
    0.02075,
    0.02072,
    0.02078,
    0.02066,
    0.02059,
    0.02035,
    0.02051,
    0.02078,
    0.02037,
    0.02075,
    0.02159,
    0.02166,
    0.02164,
    0.02142,
    0.02117,
    0.02096,
    0.02101,
    0.02099,
    0.02089,
    0.02067,
    0.02086,
    0.02065,
    0.02039,
    0.02093,
    0.02052,
    0.02022,
    0.02032,
    0.02023,
    0.0202,
    0.02023,
    0.02031,
    0.02016,
    0.02031,
    0.0203,
    0.01999,
    0.02013,
    0.02005,
    0.02002,
    0.01993,
    0.02021,
    0.02018,
    0.02024,
    0.02014,
    0.02005,
    0.01985,
    0.01996,
    0.02024,
    0.01987
  ],
  "epoch_final_losses": [
    0.2211,
    0.04586,
    0.02049
  ]
}